old_package_id,old_package_name,old_package_type,old_price,customer_references,new_package_id,new_package_name,new_package_type,new_price,match_score,confidence
165,K TAMIL,MSO_PACKAGE,300.00,85,581,VK TAMIL,ADDON,300.00,0.875,HIGH
166,K-Tamil,MSO_PACKAGE,0.00,52,581,VK TAMIL,ADDON,300.00,0.875,HIGH
167,VK TAMIL SILVER PACK,MSO_PACKAGE,240.00,12,582,VK TAMIL SILVER PACK NEW,ADDON,215.02,0.833,HIGH
168,VK MEGA HD PACK,MSO_PACKAGE,390.00,68,579,VK MEGA HD PACK,ADDON,400.00,1.000,EXACT
169,K ONE,MSO_PACKAGE,270.00,15,580,VK ONE,ADDON,280.00,0.833,HIGH
170,VK VILLAGE,MSO_PACKAGE,280.00,3,580,VK ONE,ADDON,280.00,0.333,REVIEW
171,NEW K TAMIL,MSO_PACKAGE,290.00,7,569,K Hindi Tamil Prime HD,ADDON,460.00,0.333,REVIEW
172,K TAMIL + STAR SPORTS1,MSO_PACKAGE,325.00,1,576,Star Tamil HD,ADDON,0.00,0.400,REVIEW
173,"VK MEGA HD PACK, STAR MOVIES HD, BBC WORLD NEWS",MSO_PACKAGE,0.00,1,579,VK MEGA HD PACK,ADDON,400.00,0.444,REVIEW
174,VK ONE,MSO_PACKAGE,280.00,416,580,VK ONE,ADDON,280.00,1.000,EXACT
175,"VK TAMIL SILVER PACK, STAR VIJAY",MSO_PACKAGE,240.00,1,582,VK TAMIL SILVER PACK NEW,ADDON,215.02,0.571,REVIEW
176,K TAMIL + ASIANET MOVIES + SURYA MOVIES,MSO_PACKAGE,340.00,1,595,ASIANET MOVIES,ALACARTE,25.00,0.400,REVIEW
177,"K-Tamil, Disney",MSO_PACKAGE,0.00,1,632,DISNEY,ALACARTE,17.00,0.429,REVIEW
178,MEGA HD,MSO_PACKAGE,390.00,2,579,VK MEGA HD PACK,ADDON,400.00,0.500,REVIEW
179,K ONE + STAR VIJAY,MSO_PACKAGE,270.00,19,794,STAR VIJAY,ALACARTE,25.00,0.625,REVIEW
180,Nil,MSO_PACKAGE,0.00,1,488,Disney Kids Pack,BROADCAST,22.10,0.000,REVIEW
181,K_Tamil,MSO_PACKAGE,0.00,1,581,VK TAMIL,ADDON,300.00,0.875,HIGH
182,K TAMIL + Star Jalsha + Zee Bangla + Zee Bangla Cinema + ZEE 24 GHANTA,MSO_PACKAGE,300.00,1,834,ZEE 24 GHANTA,ALACARTE,1.00,0.333,REVIEW
183,K TAMIL + 	Disney Kids Pack,MSO_PACKAGE,320.00,1,488,Disney Kids Pack,BROADCAST,22.10,0.667,REVIEW
184,K TAMIL ONE,MSO_PACKAGE,149.00,2,569,K Hindi Tamil Prime HD,ADDON,460.00,0.333,REVIEW
185,VK TAMIL,MSO_PACKAGE,300.00,3768,581,VK TAMIL,ADDON,300.00,1.000,EXACT
186,K TAMIL ONE +  Disney Kids Pack,MSO_PACKAGE,325.00,12,488,Disney Kids Pack,BROADCAST,22.10,0.571,REVIEW
187,K TAMIL ONE + ASIANET HD,MSO_PACKAGE,330.00,1,594,ASIANET HD,ALACARTE,30.00,0.455,REVIEW
188,K MAX ONE,MSO_PACKAGE,330.00,6,580,VK ONE,ADDON,280.00,0.250,REVIEW
189,star sports 1,MSO_PACKAGE,0.00,5,767,STAR SPORTS 1,ALACARTE,25.00,1.000,EXACT
190,BASIC TIER NEW + SUN TV,MSO_PACKAGE,195.00,2,800,SUN TV,ALACARTE,25.00,0.400,REVIEW
191,Super Hungama,MSO_PACKAGE,5.00,2,802,Super Hungama,ALACARTE,8.00,1.000,EXACT
192,K MAX ONE + Disney Kids Pack,MSO_PACKAGE,350.00,1,488,Disney Kids Pack,BROADCAST,22.10,0.615,REVIEW
193,K TAMIL ONE + Zee Cinema + ASIANET + ASIANET MOVIES + ASIANET PLUS + ZEE KERALAM + Sun Malayalam Basic + FLOWERS TV,MSO_PACKAGE,450.00,1,524,Sun Malayalam Basic,BROADCAST,31.20,0.214,REVIEW
194,VK TAMIL +  Disney Kids Pack,MSO_PACKAGE,325.00,1,488,Disney Kids Pack,BROADCAST,22.10,0.640,REVIEW
195,K TAMIL ONE + DISNEY JUNIOR,MSO_PACKAGE,305.00,2,635,DISNEY JUNIOR,ALACARTE,7.00,0.520,REVIEW
196,BASIC + STAR VIJAY,MSO_PACKAGE,195.00,2,794,STAR VIJAY,ALACARTE,25.00,0.667,REVIEW
197,NEW K MAX,MSO_PACKAGE,330.00,1,669,Jaya Max,ALACARTE,5.00,0.250,REVIEW
198,K Hindi Tamil Prime SD,MSO_PACKAGE,390.00,6,570,K Hindi Tamil Prime SD,ADDON,460.00,1.000,EXACT
199,STAR SPORTS HD2,MSO_PACKAGE,25.00,2,785,STAR SPORTS HD2,ALACARTE,25.00,1.000,EXACT
200,COLORS HD,MSO_PACKAGE,25.00,1,615,COLORS HD,ALACARTE,25.00,1.000,EXACT
201,VK ONE  BBC WORLD NEWS TRAVEL XP SD TRAVEL XP TAMIL,MSO_PACKAGE,290.00,1,598,BBC WORLD NEWS,ALACARTE,4.00,0.333,REVIEW
202,VK ONE + Power,MSO_PACKAGE,240.00,10,580,VK ONE,ADDON,280.00,0.667,REVIEW
203,K SELECT + STAR VIJAY,MSO_PACKAGE,290.00,9,794,STAR VIJAY,ALACARTE,25.00,0.526,REVIEW
204,ZEE KERALAM  DISNEY CHANNEL HD,MSO_PACKAGE,35.00,1,633,DISNEY CHANNEL HD,ALACARTE,22.00,0.600,REVIEW
205,star sports HD1,MSO_PACKAGE,25.00,5,784,STAR SPORTS HD1,ALACARTE,25.00,1.000,EXACT
206,Disney Kids Pack,MSO_PACKAGE,20.00,13,488,Disney Kids Pack,BROADCAST,22.10,1.000,EXACT
207,"VK TAMIL SILVER PACK,  STAR VIJAY",MSO_PACKAGE,250.00,1,582,VK TAMIL SILVER PACK NEW,ADDON,215.02,0.571,REVIEW
208,BASIC + SUN TV,MSO_PACKAGE,195.00,3,800,SUN TV,ALACARTE,25.00,0.667,REVIEW
209,VK TAMIL + Disney Pack,MSO_PACKAGE,325.00,3,581,VK TAMIL,ADDON,300.00,0.500,REVIEW
210,K TAMIL ONE + Disney Kids Pack,MSO_PACKAGE,320.00,10,488,Disney Kids Pack,BROADCAST,22.10,0.571,REVIEW
211,vk,MSO_PACKAGE,300.00,1,580,VK ONE,ADDON,280.00,0.500,REVIEW
212,K TAMIL ONE + SONY SPORTS TEN 1,MSO_PACKAGE,325.00,1,735,SONY SPORTS TEN 1,ALACARTE,25.00,0.586,REVIEW
213,VK TAMIL SILVER PACK NEW + Zee Prime Pack Tamil SD,MSO_PACKAGE,260.00,2,561,Zee Prime Pack Tamil SD,BROADCAST,31.20,0.625,REVIEW
214,VK TAMIL SILVER PACK NEW,MSO_PACKAGE,250.00,2,582,VK TAMIL SILVER PACK NEW,ADDON,215.02,1.000,EXACT
215,"Unite8 Sports 1 Hd, Unite8 Sports 2 Hd",MSO_PACKAGE,20.00,1,826,Unite8 Sports 1 Hd,ALACARTE,8.00,0.800,REVIEW
216,basic + KTV 19.00 + SUN TV,MSO_PACKAGE,220.00,1,800,SUN TV,ALACARTE,25.00,0.333,REVIEW
217,disney package,MSO_PACKAGE,25.00,2,632,DISNEY,ALACARTE,17.00,0.500,REVIEW
218,VK TAMIL - Node Power,MSO_PACKAGE,150.00,1,581,VK TAMIL,ADDON,300.00,0.500,REVIEW
219,vk ONE+ Disney Kids Pack,MSO_PACKAGE,320.00,1,488,Disney Kids Pack,BROADCAST,22.10,0.696,REVIEW
220,GEMINI MOVIES,MSO_PACKAGE,25.00,1,655,GEMINI MOVIES,ALACARTE,25.00,1.000,EXACT
221,BASIC,MSO_PACKAGE,170.00,1,562,BASIC PACK 2,ADDON,5.00,0.417,REVIEW
222,BASIC TIER NEW + STAR VIJAY + ZEE TAMIL,MSO_PACKAGE,230.00,1,794,STAR VIJAY,ALACARTE,25.00,0.286,REVIEW
223,GEMINI TV  MAA MOVIES,MSO_PACKAGE,50.00,1,655,GEMINI MOVIES,ALACARTE,25.00,0.500,REVIEW
224,K TAMIL ONE + GEMINI LIFE + SURYA TV + GEMINI TV HD + ASIANET + Star Sports SELECT 1 + FLOWERS TV,MSO_PACKAGE,400.00,1,783,Star Sports HD 1 Tamil,ALACARTE,25.00,0.357,REVIEW
225,STAR SPORTS HD1  STAR SPORTS HD2,MSO_PACKAGE,50.00,1,784,STAR SPORTS HD1,ALACARTE,25.00,0.750,REVIEW
226,VK MEGA HD PACK + STAR SPORTS SELECT HD1 + STAR SPORTS SELECT HD2 + MTV,MSO_PACKAGE,435.00,1,579,VK MEGA HD PACK,ADDON,400.00,0.400,REVIEW
227,K Telugu Tamil Prime SD,MSO_PACKAGE,390.00,9,574,K Telugu Tamil Prime SD,ADDON,360.00,1.000,EXACT
228,K TAMIL ONE + Super Hungama,MSO_PACKAGE,305.00,3,802,Super Hungama,ALACARTE,8.00,0.520,REVIEW
229,Legacy CATV Package,MSO_PACKAGE,0.00,13,586,&TV,ALACARTE,15.00,0.105,REVIEW
230,BASIC PACK 2,MSO_PACKAGE,5.00,3,562,BASIC PACK 2,ADDON,5.00,1.000,EXACT
231,K Malayalam Tamil Prime SD,MSO_PACKAGE,390.00,6,572,K Malayalam Tamil Prime SD,ADDON,360.00,1.000,EXACT
232,K TAMIL ONE + STAR SPORTS 1,MSO_PACKAGE,325.00,1,771,Star Sports 1 Tamil,ALACARTE,25.00,0.667,REVIEW
233,K Hindi Prime SD,MSO_PACKAGE,330.00,4,568,K Hindi Prime SD,ADDON,360.00,1.000,EXACT
234,VK HINDI SD,MSO_PACKAGE,330.00,1,568,K Hindi Prime SD,ADDON,360.00,0.400,REVIEW
235,Star plus  Colours  Zeetv,MSO_PACKAGE,75.00,1,763,STAR PLUS,ALACARTE,25.00,0.500,REVIEW
236,Disney Pack,MSO_PACKAGE,25.00,1,488,Disney Kids Pack,BROADCAST,22.10,0.667,REVIEW
237,STAR PLUS Star Gold Zee Cinema &PICTURES Zee Action Star Gold 2 SONY MAX STAR UTSAV COLORS COLORS RISHTEY Super Hungama DISNEY,MSO_PACKAGE,170.00,1,728,SONY MAX 2,ALACARTE,5.00,0.188,REVIEW
238,Super Hungama 4.00		DISNEY,MSO_PACKAGE,20.00,1,802,Super Hungama,ALACARTE,8.00,0.520,REVIEW
239,VK MEGA HD PACK + MTV BEATS + MTV BEATS HD,MSO_PACKAGE,390.00,1,579,VK MEGA HD PACK,ADDON,400.00,0.667,REVIEW
240,VK TAMIL SILVER PACK NEW +  Zee Prime Pack Tamil SD,MSO_PACKAGE,260.00,1,561,Zee Prime Pack Tamil SD,BROADCAST,31.20,0.625,REVIEW
241,K Telugu Tamil Prime SD  ADITHTYA TV 	SUN LIFE 	SUN MUSIC SUN NEWS CHUTTI TV,MSO_PACKAGE,410.00,1,574,K Telugu Tamil Prime SD,ADDON,360.00,0.417,REVIEW
242,ETV BOUQUET - 1,MSO_PACKAGE,40.00,1,489,ETV BOUQUET - 1,BROADCAST,46.80,1.000,EXACT
243,K ONE + STAR VIJAY + Vijay Takkar,MSO_PACKAGE,150.00,1,831,Vijay Takkar,ALACARTE,5.00,0.414,REVIEW
244,BASIC TIER + Sun Tamil Basic,MSO_PACKAGE,230.00,4,526,SUN TAMIL BASIC,BROADCAST,70.20,0.750,REVIEW
245,7S music package,MSO_PACKAGE,10.00,2,657,GEMINI MUSIC,ALACARTE,8.00,0.250,REVIEW
246,VK TAMIL + POWER,MSO_PACKAGE,200.00,7,581,VK TAMIL,ADDON,300.00,0.667,REVIEW
247,COLORS,MSO_PACKAGE,25.00,1,609,COLORS,ALACARTE,25.00,1.000,EXACT
248,K TAMIL ONE + Zee Bangla + Zee Bangla Cinema,MSO_PACKAGE,340.00,1,840,Zee Bangla Cinema,ALACARTE,15.00,0.500,REVIEW
249,K MAX + 	STAR SPORTS 1,MSO_PACKAGE,350.00,1,767,STAR SPORTS 1,ALACARTE,25.00,0.684,REVIEW
250,VK TAMIL SILVER PACK NEW +  	Zee Prime Pack Tamil SD,MSO_PACKAGE,270.00,2,561,Zee Prime Pack Tamil SD,BROADCAST,31.20,0.625,REVIEW
251,K MAX ONE +  STAR SPORTS 1 + Star Sports SELECT 1 + Star Sports Select + Sports18 1,MSO_PACKAGE,420.00,1,786,Star Sports SELECT 1,ALACARTE,25.00,0.500,REVIEW
252,BASIC TIER + SUN TV,MSO_PACKAGE,195.00,5,800,SUN TV,ALACARTE,25.00,0.500,REVIEW
253,BASIC + SUN,MSO_PACKAGE,200.00,1,522,Sun Kannada Basic,BROADCAST,53.30,0.667,REVIEW
254,K MAX ONE 330 + ZEE TV HD 25 + Zee Cinema HD 25 + STAR MOVIES HD 25,MSO_PACKAGE,405.00,1,760,STAR MOVIES HD,ALACARTE,25.00,0.273,REVIEW
255,K TAMIL ONE + STAR SPORTS 1 + Star Sports + Power Select 2,MSO_PACKAGE,200.00,1,771,Star Sports 1 Tamil,ALACARTE,25.00,0.444,REVIEW
256,VK MAX  + STAR SPORTS SELECT 2,MSO_PACKAGE,350.00,2,787,Star Sports Select 2,ALACARTE,15.00,0.741,REVIEW
257,K MAX ONE +  STAR SPORTS 1+ Star Sports SELECT 1,MSO_PACKAGE,380.00,1,786,Star Sports SELECT 1,ALACARTE,25.00,0.571,REVIEW
258,K TAMIL ONE +  GEMINI MOVIES  + MAA MOVIES +   BBC WORLD NEWS,MSO_PACKAGE,350.00,1,598,BBC WORLD NEWS,ALACARTE,4.00,0.333,REVIEW
259,383 NDTV 24*7  389 WION  395 BBC WORLD NEWS  396 CNN  add all channels,MSO_PACKAGE,20.00,1,598,BBC WORLD NEWS,ALACARTE,4.00,0.212,REVIEW
260,NDTV,MSO_PACKAGE,5.00,1,512,NDTV ULTRA,BROADCAST,5.85,0.500,REVIEW
261,"STAR SPORTS HD1 , 	STAR SPORTS HD2",MSO_PACKAGE,50.00,1,784,STAR SPORTS HD1,ALACARTE,25.00,0.750,REVIEW
262,TAR SPORTS,MSO_PACKAGE,25.00,1,767,STAR SPORTS 1,ALACARTE,25.00,0.769,REVIEW
263,BASIC TIER + CHUTTI TV  +  Sony Yay  + The History Channel  +  Nick Junior  + SONIC  +  Hungama Tv,MSO_PACKAGE,190.00,1,811,The History Channel,ALACARTE,6.00,0.244,REVIEW
264,K TAMIL ONE + STAR SPORTS SELECT HD2 + MAA GOLD + MAA TV HD + Maa Movies HD + STAR SPORTS HD1,MSO_PACKAGE,420.00,1,755,Star Gold Select HD,ALACARTE,12.00,0.308,REVIEW
265,VK MEGA HD PACK + BBC WORLD NEWS,MSO_PACKAGE,390.00,1,579,VK MEGA HD PACK,ADDON,400.00,0.571,REVIEW
266,Star Movies,MSO_PACKAGE,0.00,1,759,Star Movies,ALACARTE,25.00,1.000,EXACT
267,TRAVEL XP SD TRAVEL XP TAMIL,MSO_PACKAGE,10.00,1,818,TRAVEL XP SD,ALACARTE,6.00,0.750,REVIEW
268,K Telugu Tamil Prime SD + STAR SPORTS 1+ SUN NEWS,MSO_PACKAGE,420.00,1,574,K Telugu Tamil Prime SD,ADDON,360.00,0.500,REVIEW
269,K TAMIL ONE + NDTV SOUTH INFO + 	BBC WORLD NEWS+,MSO_PACKAGE,310.00,1,598,BBC WORLD NEWS,ALACARTE,4.00,0.333,REVIEW
270,K TAMIL ONE + COLORS,MSO_PACKAGE,325.00,1,624,Colors TAMIL,ALACARTE,8.00,0.500,REVIEW
271,K TAMIL ONE +   STAR VIJAY HD,MSO_PACKAGE,330.00,1,795,STAR VIJAY HD,ALACARTE,30.00,0.520,REVIEW
272,K Telugu Tamil Prime SD +  ADITHTYA TV + SUN LIFE + SUN MUSIC + SUN NEWS,MSO_PACKAGE,430.00,1,574,K Telugu Tamil Prime SD,ADDON,360.00,0.455,REVIEW
273,K TAMIL ONE + UDAYA MOVIES + Zee Kannada,MSO_PACKAGE,350.00,1,822,UDAYA MOVIES,ALACARTE,25.00,0.333,REVIEW
274,K Telugu Tamil Prime SD + MAA MUSIC = 10,MSO_PACKAGE,400.00,1,574,K Telugu Tamil Prime SD,ADDON,360.00,0.639,REVIEW
275,K TAMIL ONE + STAR VIJAY HD,MSO_PACKAGE,330.00,1,795,STAR VIJAY HD,ALACARTE,30.00,0.520,REVIEW
276,BASIC TIER + SUN TV + ZEE TAMIL,MSO_PACKAGE,220.00,1,526,SUN TAMIL BASIC,BROADCAST,70.20,0.500,REVIEW
277,K TAMIL ONE + SUN TV + Colors TAMIL +  Hindi Prime SD,MSO_PACKAGE,340.00,1,570,K Hindi Tamil Prime SD,ADDON,460.00,0.556,REVIEW
278,K TAMIL ONE + GEMINI MOVIES,MSO_PACKAGE,320.00,1,655,GEMINI MOVIES,ALACARTE,25.00,0.520,REVIEW
279,K Malayalam Tamil Prime SD +  FLOWERS TV + Sports18 1,MSO_PACKAGE,420.00,1,572,K Malayalam Tamil Prime SD,ADDON,360.00,0.556,REVIEW
280,SONY SPORTS TEN 1,MSO_PACKAGE,25.00,1,735,SONY SPORTS TEN 1,ALACARTE,25.00,1.000,EXACT
281,MEGA HD PACKAGE,MSO_PACKAGE,390.00,2,579,VK MEGA HD PACK,ADDON,400.00,0.400,REVIEW
282,VK MEGA HD PACK + Star English Special Pack HD,MSO_PACKAGE,420.00,1,579,VK MEGA HD PACK,ADDON,400.00,0.571,REVIEW
283,BASIC TIER SUN TV 19.00		STAR VIJAY 19.00		ZEE TAMIL,MSO_PACKAGE,250.00,1,526,SUN TAMIL BASIC,BROADCAST,70.20,0.300,REVIEW
284,K Telugu Tamil Prime SD + POWER,MSO_PACKAGE,280.00,1,574,K Telugu Tamil Prime SD,ADDON,360.00,0.833,HIGH
285,STAR SPORTS SELECT HD1,MSO_PACKAGE,0.00,1,788,STAR SPORTS SELECT HD1,ALACARTE,25.00,1.000,EXACT
286,K Hindi Tamil Prime SD + ETV BAL BHARAT,MSO_PACKAGE,395.00,1,570,K Hindi Tamil Prime SD,ADDON,460.00,0.625,REVIEW
287,Nick,MSO_PACKAGE,5.00,1,708,Nick,ALACARTE,12.00,1.000,EXACT
288,BASIC + SUN TV + ZEE TAMIL,MSO_PACKAGE,220.00,1,526,SUN TAMIL BASIC,BROADCAST,70.20,0.600,REVIEW
289,K TAMIL ONE + &Flix,MSO_PACKAGE,320.00,1,569,K Hindi Tamil Prime HD,ADDON,460.00,0.286,REVIEW
290,BBC WORLD NEWS + CNN,MSO_PACKAGE,5.00,1,598,BBC WORLD NEWS,ALACARTE,4.00,0.778,REVIEW
291,STAR VIJAY,MSO_PACKAGE,10.00,1,794,STAR VIJAY,ALACARTE,25.00,1.000,EXACT
292,DISNEYPACK,MSO_PACKAGE,20.00,2,632,DISNEY,ALACARTE,17.00,0.600,REVIEW
293,K TAMIL ONE + STAR PLUS,MSO_PACKAGE,325.00,1,763,STAR PLUS,ALACARTE,25.00,0.429,REVIEW
294,BASIC TIER,MSO_PACKAGE,170.00,1,522,Sun Kannada Basic,BROADCAST,53.30,0.250,REVIEW
295,Zee Cinema,MSO_PACKAGE,0.00,1,843,Zee Cinema,ALACARTE,25.00,1.000,EXACT
296,ETV Abhiruchi  STAR SPORTS 1 STAR SPORTS 2,MSO_PACKAGE,55.00,1,767,STAR SPORTS 1,ALACARTE,25.00,0.500,REVIEW
297,+ STAR SPORTS SELECT HD1 + STAR SPORTS SELECT HD2,MSO_PACKAGE,40.00,1,788,STAR SPORTS SELECT HD1,ALACARTE,25.00,0.800,REVIEW
298,VK MEGA HD PACK + STAR SPORTS SELECT HD2,MSO_PACKAGE,415.00,1,789,STAR SPORTS SELECT HD2,ALACARTE,20.00,0.579,REVIEW
299,STAR SPORTS 2 TAMIL HD,MSO_PACKAGE,0.00,1,779,STAR SPORTS 2 TAMIL HD,ALACARTE,25.00,1.000,EXACT
300,GEMINI TV,MSO_PACKAGE,20.00,1,659,GEMINI TV,ALACARTE,25.00,1.000,EXACT
301,SUN TV HD,MSO_PACKAGE,25.00,1,801,SUN TV HD,ALACARTE,25.00,1.000,EXACT
302,VK ONE + 	Disney Kids Pack,MSO_PACKAGE,305.00,1,488,Disney Kids Pack,BROADCAST,22.10,0.696,REVIEW
303,BASIC PACK + SUN TV,MSO_PACKAGE,195.00,1,800,SUN TV,ALACARTE,25.00,0.500,REVIEW
304,K Telugu Tamil Prime HD,MSO_PACKAGE,450.00,1,573,K Telugu Tamil Prime HD,ADDON,460.00,1.000,EXACT
305,VK TAMIL +Disney Kids Pack,MSO_PACKAGE,325.00,1,488,Disney Kids Pack,BROADCAST,22.10,0.640,REVIEW
306,Zee Kannada 19.00		COLORS KANNADA 25.00		Colors Kannada Cinema 7.00,MSO_PACKAGE,65.00,1,619,Colors Kannada Cinema,ALACARTE,10.00,0.375,REVIEW
307,ASIANET (199) + FLOWER Tv,MSO_PACKAGE,45.00,1,593,ASIANET,ALACARTE,25.00,0.333,REVIEW
308,MEGHA HD,MSO_PACKAGE,390.00,1,583,& PICTURES HD,ALACARTE,25.00,0.333,REVIEW
309,TAMIL WITH TELUGU,MSO_PACKAGE,390.00,1,532,Sun Tamil Telugu,BROADCAST,94.25,0.500,REVIEW
310,cUSTOM Pack,MSO_PACKAGE,580.00,1,488,Disney Kids Pack,BROADCAST,22.10,0.250,REVIEW
311,VK TAMIL+ disney kids pack,MSO_PACKAGE,325.00,2,488,Disney Kids Pack,BROADCAST,22.10,0.640,REVIEW
312,BASIC + Sun Tamil Basic.,MSO_PACKAGE,230.00,1,526,SUN TAMIL BASIC,BROADCAST,70.20,1.000,EXACT
313,K TAMIL ONE + ZEE TELUGU HD 25 + ZEE CINEMALU 20  + SUN TELUGU BASIC 45  + Disney Kids Pack 20,MSO_PACKAGE,420.00,1,527,SUN TAMIL BASIC HD,BROADCAST,100.10,0.267,REVIEW
314,VK MEGA HD,MSO_PACKAGE,390.00,3,579,VK MEGA HD PACK,ADDON,400.00,0.750,REVIEW
315,K Malayalam Tamil Prime SD + ETV BAL BHARAT,MSO_PACKAGE,400.00,1,572,K Malayalam Tamil Prime SD,ADDON,360.00,0.634,REVIEW
316,BASIC + SUN TAMIL BASIC,MSO_PACKAGE,230.00,1,526,SUN TAMIL BASIC,BROADCAST,70.20,1.000,EXACT
317,ASIANET,MSO_PACKAGE,25.00,1,593,ASIANET,ALACARTE,25.00,1.000,EXACT
318,VK TAMIL + DISNEYPACK,MSO_PACKAGE,325.00,1,581,VK TAMIL,ADDON,300.00,0.667,REVIEW
